{
  "config": {
    "transcoder_path": "checkpoints/4096_batchtopk_k24_0.0003_final",
    "spd_run": "goodfire/spd/s-275c8f21",
    "n_samples": 200,
    "n_sequences": 20,
    "seq_len": 128,
    "layer": 3
  },
  "transcoder": {
    "mean": 0.3541200375556946,
    "std": 0.05885801982585926,
    "se": 0.004161890494607734,
    "scores": [
      0.39501267671585083,
      0.30951517820358276,
      0.35294395685195923,
      0.36438077688217163,
      0.3954118490219116,
      0.302815705537796,
      0.3107616901397705,
      0.29112058877944946,
      0.30645596981048584,
      0.3601651191711426,
      0.4800542891025543,
      0.4110094904899597,
      0.2879679501056671,
      0.358794242143631,
      0.2864118814468384,
      0.2961418926715851,
      0.3497185707092285,
      0.2393316924571991,
      0.33970022201538086,
      0.3478034734725952,
      0.26865309476852417,
      0.29457271099090576,
      0.3821808695793152,
      0.3428717851638794,
      0.3100084662437439,
      0.3348989486694336,
      0.4109283685684204,
      0.32096779346466064,
      0.29339486360549927,
      0.3997945487499237,
      0.27179431915283203,
      0.2987593412399292,
      0.22386176884174347,
      0.31332045793533325,
      0.37278836965560913,
      0.24127793312072754,
      0.3162972331047058,
      0.24212881922721863,
      0.30502042174339294,
      0.2554834187030792,
      0.3609672784805298,
      0.3559993505477905,
      0.29672473669052124,
      0.30364683270454407,
      0.27496814727783203,
      0.3270401656627655,
      0.3117595314979553,
      0.3377378582954407,
      0.3176640272140503,
      0.34328746795654297,
      0.38763588666915894,
      0.26659268140792847,
      0.27333566546440125,
      0.3123502731323242,
      0.31070518493652344,
      0.31800055503845215,
      0.2894524335861206,
      0.2829112410545349,
      0.24214303493499756,
      0.2929345965385437,
      0.5068231225013733,
      0.40654584765434265,
      0.3475053906440735,
      0.37530291080474854,
      0.353105366230011,
      0.3872069716453552,
      0.41956180334091187,
      0.34597456455230713,
      0.29065752029418945,
      0.3439129590988159,
      0.35259395837783813,
      0.27879098057746887,
      0.27634188532829285,
      0.3150571584701538,
      0.30031058192253113,
      0.2902727425098419,
      0.3223959803581238,
      0.33937713503837585,
      0.3455696105957031,
      0.3502528667449951,
      0.2632664442062378,
      0.43827176094055176,
      0.4263226389884949,
      0.44347596168518066,
      0.42847752571105957,
      0.4543870985507965,
      0.36654937267303467,
      0.34685811400413513,
      0.27738162875175476,
      0.3417137861251831,
      0.36456936597824097,
      0.4271903336048126,
      0.4243214428424835,
      0.3477773070335388,
      0.3767511546611786,
      0.4482848644256592,
      0.44065776467323303,
      0.35572707653045654,
      0.408867210149765,
      0.4525637924671173,
      0.40456438064575195,
      0.43589866161346436,
      0.34416112303733826,
      0.2761520743370056,
      0.3361833691596985,
      0.36465734243392944,
      0.32785895466804504,
      0.3010730743408203,
      0.3761540651321411,
      0.32472437620162964,
      0.4295210838317871,
      0.31374073028564453,
      0.3359622359275818,
      0.33841025829315186,
      0.33184659481048584,
      0.3414044976234436,
      0.26644307374954224,
      0.33021241426467896,
      0.3756656050682068,
      0.38370221853256226,
      0.47006863355636597,
      0.3053305745124817,
      0.3764001131057739,
      0.2876715660095215,
      0.3319327235221863,
      0.3340609073638916,
      0.3215797245502472,
      0.3740728795528412,
      0.29571202397346497,
      0.30394190549850464,
      0.32064035534858704,
      0.35583633184432983,
      0.4730484187602997,
      0.3802816867828369,
      0.40152353048324585,
      0.38119199872016907,
      0.4004470705986023,
      0.42282503843307495,
      0.4475975036621094,
      0.3270415961742401,
      0.4248255491256714,
      0.4517146646976471,
      0.38800376653671265,
      0.4235732853412628,
      0.39325496554374695,
      0.40658503770828247,
      0.33864033222198486,
      0.34212225675582886,
      0.3679352402687073,
      0.4085043966770172,
      0.4065694212913513,
      0.3994958996772766,
      0.38612449169158936,
      0.3965156078338623,
      0.4090173840522766,
      0.4423115849494934,
      0.33545249700546265,
      0.383755624294281,
      0.31179535388946533,
      0.3167242109775543,
      0.32729169726371765,
      0.2874433398246765,
      0.2768734097480774,
      0.29552316665649414,
      0.32408422231674194,
      0.21754874289035797,
      0.29929423332214355,
      0.32314780354499817,
      0.442329078912735,
      0.3420696258544922,
      0.4577850103378296,
      0.3472244143486023,
      0.4180848002433777,
      0.4436395764350891,
      0.49722176790237427,
      0.4465111494064331,
      0.4813922643661499,
      0.4722915589809418,
      0.43591737747192383,
      0.47434625029563904,
      0.3731660544872284,
      0.3599967658519745,
      0.37719953060150146,
      0.33518338203430176,
      0.3005963861942291,
      0.36854395270347595,
      0.3416074812412262,
      0.3326966166496277,
      0.35197240114212036,
      0.40792691707611084,
      0.3130009174346924,
      0.3535107374191284,
      0.4333580732345581,
      0.37660157680511475,
      0.35429733991622925,
      0.37029576301574707,
      0.41105353832244873,
      0.3040814995765686,
      0.400692880153656,
      0.3943922221660614
    ]
  },
  "spd_ci_gt_0": {
    "mean": 0.13811610105447472,
    "std": 0.055417583863246384,
    "se": 0.003918614934667571,
    "avg_l0_cfc": 23.318359375,
    "avg_l0_down": 24.271093368530273,